{"cameraMode":{"drawMode":0,"name":"Shaded","section":"Shading Mode"},"sceneLighting":true,"audioPlay":false,"sceneViewState":{"showFog":true,"showMaterialUpdate":false,"showSkybox":true,"showFlares":true,"showImageEffects":true,"showParticleSystems":true},"in2DMode":false,"pivot":{"x":2.124570608139038,"y":-0.7921786904335022,"z":-5.584717750549316},"rotation":{"x":0.012957011349499226,"y":0.9812336564064026,"z":-0.07107669115066529,"w":0.17885830998420716},"size":10.161534309387207,"orthographic":false}